,,HDI,balanced accuracy,F1,precision,recall
0,NGAr101,0.604,0.7530939603136999,0.6289490782854067,0.7217393527276446,0.5572999256486008
0,NGAr102,0.6559999999999999,0.8217935863223582,0.7587121443244453,0.8523653712572661,0.6836017387097484
0,NGAr103,0.426,0.6534469340276813,0.382385251568714,0.4605293183727174,0.3269135325907136
0,NGAr104,0.622,0.8364238066684926,0.7323820241301702,0.7901655985032443,0.6824737837373216
0,NGAr105,0.598,0.6473259773835616,0.4083690009432933,0.5437302153509652,0.3269700589572656
0,NGAr106,0.509,0.7253185600743222,0.5184552567219907,0.5998872990983928,0.4564889101564199
0,NGAr107,0.609,0.7491775709714603,0.5751633986928104,0.6637322329206786,0.5074490833245697
0,NGAr108,0.48200000000000004,0.730350000587299,0.5332890346252184,0.6117062259227041,0.4726925859298477
0,NGAr109,0.643,0.8327245369882905,0.7681335766916785,0.8104797660500191,0.7299926996641846
0,NGAr110,0.514,0.7437979748278065,0.5336969810109436,0.5652272453285111,0.5054985811504326
0,NGAr111,0.483,0.7272475079008198,0.5224771314382756,0.5396835928590682,0.5063339402710989
0,NGAr112,0.45399999999999996,0.7137301067296565,0.4709032555600522,0.4716379078744574,0.4701708883657772
0,NGAr113,0.5670000000000001,0.7457960783855697,0.5390614762651239,0.5829449552840408,0.5013224528114535
0,NGAr114,0.6729999999999999,0.8977249589938998,0.8288388389200236,0.7817197145283062,0.8820026409590306
0,NGAr115,0.48200000000000004,0.6988780421020228,0.4578217932369668,0.520145086925257,0.40883550827030174
0,NGAr116,0.662,0.8456151447234714,0.7385996622122137,0.7656606114964277,0.7133862594371212
0,NGAr117,0.606,0.8045621481654409,0.6890988372093023,0.7782802053486151,0.6182544575113809
0,NGAr118,0.626,0.7882819749123342,0.6446190254630172,0.7114442564447367,0.5892695405253238
0,NGAr119,0.562,0.6981372795806312,0.48589745579857496,0.5787164285802324,0.4187371800588601
0,NGAr120,0.642,0.8045935950363463,0.6920558113611461,0.7725177455388705,0.6267738937900811
0,NGAr121,0.33899999999999997,0.7945704602969627,0.5991392270224299,0.5963829150455342,0.6019211350749554
0,NGAr122,0.64,0.8086724270883106,0.7142496947164941,0.7707639778062313,0.6654567898959936
0,NGAr123,0.655,0.8183835241951196,0.6924924662619557,0.7405116496289762,0.6503217338996337
0,NGAr124,0.634,0.7636079461835591,0.6370526612870282,0.7198667270926701,0.5713267569421779
0,NGAr125,0.414,0.6853182034952203,0.42681708753777603,0.4576956614279731,0.39984165162157137
0,NGAr126,0.33899999999999997,0.7738423384383188,0.5461974615279632,0.5316100050717696,0.561608069262302
0,NGAr127,0.5579999999999999,0.7743965443256375,0.6151804154089774,0.6868334325078959,0.5570652930530419
0,NGAr128,0.609,0.8433366908853531,0.7420658896419899,0.7824107856423086,0.7056777226429877
0,NGAr129,0.501,0.6675190109934157,0.4209788743992455,0.5433982683982684,0.3435763337324959
0,NGAr130,0.365,0.7034569734748681,0.4217228136271375,0.4256782650564525,0.4178401944519464
0,NGAr131,0.642,0.7838210325760941,0.6370176586003924,0.7180621379673512,0.5724120560826127
0,NGAr132,0.5670000000000001,0.6709091952003041,0.4847063779002422,0.5240531309297912,0.4508554264072091
0,NGAr133,0.611,0.8279908540691526,0.7316461411121422,0.8087052952592182,0.6679948703856371
0,NGAr134,0.41,0.7609115092264059,0.5568632660825246,0.5769846831514666,0.5380979611843103
0,NGAr135,0.574,0.7285527974334526,0.5360229947303742,0.6285644501434939,0.4672337257963489
0,NGAr136,0.415,0.7294387397937758,0.4696657461016173,0.4661997309708242,0.4731836842303491
0,NGAr137,0.64,0.8523358319078487,0.6730300073188583,0.618371835642538,0.7382875876026561
1,NGAr101,0.604,0.6845609019614198,0.5257416662644416,0.7891145709844832,0.3941808515538127
1,NGAr102,0.6559999999999999,0.7343932922943752,0.6311540041455572,0.8867851930476317,0.4899247194388043
1,NGAr103,0.426,0.5984390185161711,0.3065411236515557,0.6226462889470573,0.2033197308922466
1,NGAr104,0.622,0.7807278145746566,0.6824388349514563,0.8582144950185583,0.5664259927797833
1,NGAr105,0.598,0.5837421991741204,0.2806447900070876,0.6557952550818187,0.17852105891873146
1,NGAr106,0.509,0.6616682726750086,0.4516654668350742,0.7371946414499606,0.3255672319824999
1,NGAr107,0.609,0.6672535681705994,0.4670321696363784,0.7532835704439648,0.33842792208550965
1,NGAr108,0.48200000000000004,0.6673504943668758,0.4637887634164249,0.7306839619393839,0.3397053833793205
1,NGAr109,0.643,0.7733414039750752,0.6941794091912837,0.8559685581443142,0.5838282961016207
1,NGAr110,0.514,0.6879735904876156,0.4914671249162159,0.6818254873298076,0.3842020372782239
1,NGAr111,0.483,0.6622343728779394,0.4521790708815902,0.6487943262411348,0.34701666744479204
1,NGAr112,0.45399999999999996,0.6599840453144284,0.4352702469087127,0.6139039080145097,0.3371626986923775
1,NGAr113,0.5670000000000001,0.6916244433884156,0.5034611413553596,0.7189578621094077,0.3873568095036063
1,NGAr114,0.6729999999999999,0.8786926338667693,0.8195628137893056,0.8170775644654897,0.8220632276662035
1,NGAr115,0.48200000000000004,0.6407043368892664,0.40295663966981454,0.6860961444265622,0.2852422907488987
1,NGAr116,0.662,0.7943664523432995,0.7007377805102981,0.8417718978541668,0.6001808721931898
1,NGAr117,0.606,0.7453680275695598,0.6254415903239328,0.8482621406529154,0.4953290971168437
1,NGAr118,0.626,0.7103902532583616,0.5581190313027238,0.8085037212488534,0.4261462387701647
1,NGAr119,0.562,0.6360884788567255,0.4010728534975915,0.6999955576286622,0.2810532417729421
1,NGAr120,0.642,0.7225395719051748,0.5863844096972749,0.8274038461538461,0.4541053380293001
1,NGAr121,0.33899999999999997,0.7338085875010351,0.5716146783253953,0.7213578314679152,0.4733535285537978
1,NGAr122,0.64,0.7376361417720616,0.6237842490317028,0.8270190493579209,0.5007323746441765
1,NGAr123,0.655,0.7588088136034654,0.6357753270182445,0.8054122810695965,0.5251645126597276
1,NGAr124,0.634,0.6791652856413236,0.5112667697730461,0.7865294434991907,0.3787241978778816
1,NGAr125,0.414,0.631275502541493,0.37764515727962206,0.6109911625474392,0.2732769117267771
1,NGAr126,0.33899999999999997,0.7136910741602729,0.530969851526198,0.6863649233507261,0.4329489207531765
1,NGAr127,0.5579999999999999,0.7073060585665752,0.5450204308614812,0.7814563796779394,0.4184231286834656
1,NGAr128,0.609,0.7986554752836086,0.7095805825716622,0.8529976969003505,0.6074484199529904
1,NGAr129,0.501,0.6081459012940706,0.3316888213838291,0.6799339413957153,0.21934553630342876
1,NGAr130,0.365,0.6552734789515001,0.4181857861764404,0.6250479699132704,0.3142000077163471
1,NGAr131,0.642,0.7288247409249098,0.5836994435125277,0.7980342191481616,0.4601208966501553
1,NGAr132,0.5670000000000001,0.6030879058322419,0.35351639075826,0.6019730124569974,0.25023507901266817
1,NGAr133,0.611,0.7695296352984358,0.6711214492140692,0.8729599882642022,0.5450902262526335
1,NGAr134,0.41,0.7064987569553255,0.5285995475777784,0.7130317620717668,0.419970357230385
1,NGAr135,0.574,0.6755743664006547,0.4817158282450023,0.7465502782648471,0.3555769387884785
1,NGAr136,0.415,0.6784557134224876,0.458574158179513,0.6233514038352618,0.3626982034574969
1,NGAr137,0.64,0.8139250997341465,0.6732494420272864,0.7001553412087713,0.6483349223075251
2,NGAr101,0.604,0.6312102360949639,0.4142536542739117,0.8440123818965343,0.2744882584007212
2,NGAr102,0.6559999999999999,0.6625274897762942,0.4911030123995912,0.9097109322336334,0.3363362482865793
2,NGAr103,0.426,0.5694971563536063,0.23815867763797585,0.7542975859976835,0.14140220028675415
2,NGAr104,0.622,0.7300803437567467,0.6112315427481869,0.8994121380139617,0.4629104349320956
2,NGAr105,0.598,0.5489906655905725,0.17950315201953504,0.7590712287827119,0.10178670057672794
2,NGAr106,0.509,0.6150156245578393,0.35978846218979377,0.812428983480465,0.2310565336548321
2,NGAr107,0.609,0.6112486310077128,0.35251858044482826,0.8244950580146111,0.22418527476893235
2,NGAr108,0.48200000000000004,0.6248827968728068,0.3844153055597577,0.8085023400936038,0.2521526475163729
2,NGAr109,0.643,0.7114309386263461,0.5920524745456387,0.8887953314855747,0.44386041757920863
2,NGAr110,0.514,0.6478201079855117,0.4302125304200205,0.7601599807673395,0.2999982749549332
2,NGAr111,0.483,0.6149633168814669,0.36169746548827697,0.7261252595399251,0.2408297928630344
2,NGAr112,0.45399999999999996,0.6242958620583059,0.3789296114904148,0.7251700499521735,0.2564735068999056
2,NGAr113,0.5670000000000001,0.6535068609278338,0.4468855861677339,0.8068492504949561,0.3090206627609926
2,NGAr114,0.6729999999999999,0.8560943677917142,0.8007349605298976,0.8440599504557497,0.7616405016096042
2,NGAr115,0.48200000000000004,0.6050509066494925,0.3340052507890933,0.7902352776959226,0.2117529714903167
2,NGAr116,0.662,0.7505829717725054,0.6463800443200374,0.8897640955658797,0.5075468350228094
2,NGAr117,0.606,0.6952214381982754,0.5451256413629786,0.8895448690425075,0.392972306525038
2,NGAr118,0.626,0.6552225166074053,0.4601417163423687,0.8686619897742521,0.3129605150424714
2,NGAr119,0.562,0.5984622627797019,0.3200923377430525,0.7862688650440548,0.2009497904218318
2,NGAr120,0.642,0.662541406365127,0.4777088575011002,0.8648006734411641,0.329998738054539
2,NGAr121,0.33899999999999997,0.6858999164122797,0.5090653384119542,0.7929026487285737,0.37487162226307297
2,NGAr122,0.64,0.6764894272533829,0.515426920510711,0.8682292348653485,0.36650053891719103
2,NGAr123,0.655,0.7069928339087223,0.5610179435779592,0.8514451081512262,0.4183269837219053
2,NGAr124,0.634,0.6227911014361149,0.3914225802666286,0.8362764333987356,0.2555067839848668
2,NGAr125,0.414,0.5990045390021821,0.3172341904100069,0.7303842079090181,0.20261994589763735
2,NGAr126,0.33899999999999997,0.6674701349039907,0.4703569017187666,0.7746390948107686,0.3377047507271521
2,NGAr127,0.5579999999999999,0.6567582754130378,0.4593352526931862,0.8449068894358668,0.3154021068263028
2,NGAr128,0.609,0.7590903838890307,0.6611756488735726,0.8953031871230237,0.5241159571689736
2,NGAr129,0.501,0.5738575306414868,0.2498146137615995,0.7720435553304634,0.14901634937315186
2,NGAr130,0.365,0.6210449508250976,0.3679679533867443,0.7512788484415893,0.2436533045256376
2,NGAr131,0.642,0.6850456674463569,0.5173189909678173,0.8517662912696121,0.3714633532029217
2,NGAr132,0.5670000000000001,0.5602356407009725,0.2282204975211209,0.6925750604124599,0.13662008619563798
2,NGAr133,0.611,0.7219158578227824,0.5998955421057482,0.9111525898273448,0.4471466520106256
2,NGAr134,0.41,0.6657764577037794,0.4720778793659146,0.7988424186771295,0.3350333189398625
2,NGAr135,0.574,0.6375222892286896,0.4149218038778754,0.8245443499392466,0.277208398769052
2,NGAr136,0.415,0.6436183818165917,0.41370423811281504,0.7201233616037008,0.290215057813265
2,NGAr137,0.64,0.7777648762094032,0.6508992409812686,0.7608413515327814,0.5687189522805961
3,NGAr101,0.604,0.5906098714855389,0.3087157858121182,0.8873059018339738,0.18686546344608865
3,NGAr102,0.6559999999999999,0.6086766495841146,0.35988326066664306,0.9273817860731358,0.22326147350520076
3,NGAr103,0.426,0.550705430261655,0.18254777226506846,0.8358355825461089,0.10246291496636152
3,NGAr104,0.622,0.684273006670453,0.5290839492974015,0.9276495809363756,0.37007907856283306
3,NGAr105,0.598,0.5282912545390462,0.10838122179823688,0.8310377844884732,0.05797079110631575
3,NGAr106,0.509,0.5777024250442285,0.2639498300661848,0.8602242721443023,0.15589169302666658
3,NGAr107,0.609,0.5720574459484151,0.24855630413859486,0.8752382969709808,0.14484523433939778
3,NGAr108,0.48200000000000004,0.5927140745221958,0.3065971272949044,0.8575630128525632,0.18666734953874128
3,NGAr109,0.643,0.6540260231776819,0.4733613034235217,0.9150930762019552,0.31925244561249816
3,NGAr110,0.514,0.6148176589707243,0.36098228388044384,0.8115039577836411,0.23211775157625994
3,NGAr111,0.483,0.5813482739214652,0.2770931816360869,0.7860428750659126,0.16819179233390916
3,NGAr112,0.45399999999999996,0.5976321972249792,0.3192521844541406,0.8030796621084132,0.19922566943414666
3,NGAr113,0.5670000000000001,0.6209951684465422,0.3791265656131853,0.861379486851366,0.24305148087633935
3,NGAr114,0.6729999999999999,0.8285620712190469,0.771369539268371,0.8675703071083506,0.6943737215945869
3,NGAr115,0.48200000000000004,0.5801028116351574,0.27105563291094953,0.8567163518952629,0.16099659213697948
3,NGAr116,0.662,0.7090213160256121,0.5784447261922052,0.9204497189256714,0.4217412955257027
3,NGAr117,0.606,0.6515216449084589,0.4572069465832317,0.9175091993855168,0.30446225341426403
3,NGAr118,0.626,0.6162227461022459,0.3717107024143821,0.9076842630665748,0.2337090891287851
3,NGAr119,0.562,0.5722168234498397,0.24957151923508106,0.8445690475578076,0.1464193347007937
3,NGAr120,0.642,0.6176426573805343,0.3757946785966565,0.8921952268329392,0.2380258584097193
3,NGAr121,0.33899999999999997,0.6443683865412654,0.4321238932371089,0.8438487386528913,0.29042280506433993
3,NGAr122,0.64,0.6277884165740679,0.4066377038672459,0.8960733230798205,0.26299158920691657
3,NGAr123,0.655,0.6613785303826174,0.4757505465792139,0.8854016771696521,0.3252611239723655
3,NGAr124,0.634,0.5826441447695531,0.2848816800485873,0.8713613743268116,0.17027568888918493
3,NGAr125,0.414,0.5746213015350347,0.2551003399384777,0.8079088814947529,0.15146262318484174
3,NGAr126,0.33899999999999997,0.6287703240160618,0.3952189063442933,0.8337577002053388,0.2589937235291116
3,NGAr127,0.5579999999999999,0.616177194780989,0.3693403848978992,0.8854023595703469,0.23333797391990346
3,NGAr128,0.609,0.720663685674952,0.6002875021139861,0.9222075475783228,0.4449621311047271
3,NGAr129,0.501,0.5511905194875941,0.1832720947929123,0.8303388494877857,0.10300349470905937
3,NGAr130,0.365,0.5935931639318286,0.30625844780435674,0.8265184933831015,0.18795092403256294
3,NGAr131,0.642,0.6456623873902153,0.4399481521292403,0.8910231783839159,0.2920829485349677
3,NGAr132,0.5670000000000001,0.5361472892376652,0.14200305165852298,0.7819917609363761,0.07809194201384352
3,NGAr133,0.611,0.6783931197284631,0.5183751137585836,0.9342160195622352,0.3587066043784923
3,NGAr134,0.41,0.6318453985265029,0.4053156146179401,0.8558263747837207,0.26553619568896103
3,NGAr135,0.574,0.6080398445502875,0.3481227675810945,0.8763184881336068,0.21720422298677367
3,NGAr136,0.415,0.6154388018786069,0.35862219157199376,0.7828911920382872,0.23258069375918045
3,NGAr137,0.64,0.7409399785646568,0.6093629925021289,0.8036540937354479,0.4907254085336277
4,NGAr101,0.604,0.55960335356168,0.21501865129629416,0.9194037267080746,0.12174548134306262
4,NGAr102,0.6559999999999999,0.5685089416377902,0.24375243235656274,0.9402008071660596,0.14002770793781108
4,NGAr103,0.426,0.5365179975886196,0.13579736069821186,0.8877236787349146,0.0735221131576045
4,NGAr104,0.622,0.6417513114759603,0.4374157035940021,0.947525206232814,0.284339006360667
4,NGAr105,0.598,0.5156794683974742,0.06152015469284545,0.8790648246546228,0.03187545759315633
4,NGAr106,0.509,0.5490982017216731,0.17736859200519695,0.8970713193224947,0.09841342837433892
4,NGAr107,0.609,0.5446617811343011,0.1632058210288924,0.9107206458506469,0.08963438146317522
4,NGAr108,0.48200000000000004,0.5664678679072173,0.2323421833506845,0.8909906063193851,0.13358898356625673
4,NGAr109,0.643,0.6042809790790387,0.34850508286084986,0.9356180463407164,0.2141334501387064
4,NGAr110,0.514,0.5853653439681308,0.28630044617878714,0.8503856479311374,0.1721249967655405
4,NGAr111,0.483,0.5557405542647975,0.20090555344510724,0.8345986522221275,0.1141976749614828
4,NGAr112,0.45399999999999996,0.5737229702464048,0.254487581924112,0.8542550335570469,0.1495143988836108
4,NGAr113,0.5670000000000001,0.590600426443176,0.3022788002521992,0.8969664573032207,0.1817673024670741
4,NGAr114,0.6729999999999999,0.7922888553125185,0.7244509876088824,0.8884486628132954,0.6115632578732513
4,NGAr115,0.48200000000000004,0.5599936065767983,0.2123536980084968,0.8998726272950387,0.1203806832349763
4,NGAr116,0.662,0.6680462577031284,0.4977674434278589,0.9425239682868856,0.3381852108363049
4,NGAr117,0.606,0.6131359819160607,0.3655571248616254,0.9372186337835192,0.2270604135053111
4,NGAr118,0.626,0.5854712809564998,0.28993345501362444,0.9345978199273308,0.1715808670534381
4,NGAr119,0.562,0.551868233538499,0.1873364396502202,0.8889898530970771,0.10469990189958084
4,NGAr120,0.642,0.5829905549710116,0.2830909443474888,0.9139798409816564,0.16748310713916964
4,NGAr121,0.33899999999999997,0.6058138633549504,0.3424752791955829,0.8814475426853277,0.21252448886242226
4,NGAr122,0.64,0.589741239694403,0.3058395505204016,0.916716514056964,0.18353584950852594
4,NGAr123,0.655,0.6206580948923577,0.38340760364848425,0.9122957278426804,0.24270402304088665
4,NGAr124,0.634,0.5546402104050892,0.19881627357232995,0.8993889365351629,0.11176090533060687
4,NGAr125,0.414,0.5538693622597367,0.19319294809010773,0.8582982547415219,0.10884651603577232
4,NGAr126,0.33899999999999997,0.5949774627998986,0.3132740519282756,0.8767251827814052,0.19070946233267
4,NGAr127,0.5579999999999999,0.5826895645616496,0.28083876087144394,0.9147814515303512,0.1658824075363126
4,NGAr128,0.609,0.6814011482387063,0.5260709177143718,0.9416251179086376,0.36499347088012535
4,NGAr129,0.501,0.5345954761069988,0.12871367792160768,0.8699296420923829,0.06949827708399521
4,NGAr130,0.365,0.5689882015302937,0.2388981872382237,0.8737893646829507,0.1383637486014121
4,NGAr131,0.642,0.6103115371273422,0.3566348303190409,0.9230364656381488,0.22101418856519184
4,NGAr132,0.5670000000000001,0.5217476563552261,0.08667472193822226,0.8482716798059429,0.04567062818336163
4,NGAr133,0.611,0.640032455104611,0.4340126195231446,0.9509720393462938,0.28116698726756434
4,NGAr134,0.41,0.601801434441896,0.3329282418396218,0.892764397372575,0.20461680301562665
4,NGAr135,0.574,0.5832233964931363,0.2824401700873463,0.9141451781189448,0.16702221334616327
4,NGAr136,0.415,0.5894270624634969,0.2957038780455704,0.8317870987412344,0.17981431961131408
4,NGAr137,0.64,0.7019779857729354,0.5506158410500764,0.8390588074117203,0.4097546289327112
5,NGAr101,0.604,0.5362247552917614,0.13634587677956586,0.944514928529138,0.07347628979938282
5,NGAr102,0.6559999999999999,0.5396233989959286,0.1486667297374005,0.951639415174323,0.08063156505867779
5,NGAr103,0.426,0.5246335187542209,0.09393031440945193,0.9220395581813512,0.04948577258189037
5,NGAr104,0.622,0.6015777360460175,0.3359762843607273,0.9603876094712942,0.20360151280728894
5,NGAr105,0.598,0.5080640241014357,0.03207384807948056,0.9068207762557078,0.016325639345946847
5,NGAr106,0.509,0.5282076967720466,0.1064828910696302,0.9208101265822785,0.056508796678950736
5,NGAr107,0.609,0.5257888424851347,0.097990367048663,0.9347275031685678,0.05170540189995443
5,NGAr108,0.48200000000000004,0.5452708399681219,0.16533122146650514,0.9143961352657004,0.09088173722655776
5,NGAr109,0.643,0.5643130704744861,0.2305682862113739,0.9508550626481544,0.13118995473791795
5,NGAr110,0.514,0.558753924294404,0.2085231637472714,0.8822242244819153,0.11823458887863444
5,NGAr111,0.483,0.5351820635387555,0.13237065509343324,0.8729902774484231,0.07161476570646001
5,NGAr112,0.45399999999999996,0.5521058640339039,0.1882740564233813,0.8916487540800891,0.10524881477618182
5,NGAr113,0.5670000000000001,0.561554212047397,0.21766443466006352,0.9224591712781752,0.1233898121485119
5,NGAr114,0.6729999999999999,0.7446091924664295,0.6508261490277671,0.9068171655024596,0.5075474466414078
5,NGAr115,0.48200000000000004,0.5432415986580696,0.1585669971412931,0.9295774647887324,0.08667608677582911
5,NGAr116,0.662,0.6250284241460422,0.3979399390686203,0.9568535112390172,0.2512062916048973
5,NGAr117,0.606,0.5791789703388619,0.272256844545205,0.9556776818214259,0.15873956752655538
5,NGAr118,0.626,0.5596155426370819,0.21247708617772967,0.9556686402113812,0.11952583780078825
5,NGAr119,0.562,0.5355560083762954,0.13280988214074438,0.9188848817906003,0.07157763310443235
5,NGAr120,0.642,0.5551705769761712,0.19855088801664328,0.9305475504322768,0.11113150618926887
5,NGAr121,0.33899999999999997,0.5719092481469579,0.2490020257387988,0.9083845025267621,0.1442750002157609
5,NGAr122,0.64,0.5602925152486664,0.2168615825650715,0.9351689260377888,0.12265202531528957
5,NGAr123,0.655,0.5847866190593833,0.288028733505981,0.9330370518326176,0.1703002242111595
5,NGAr124,0.634,0.5342044893925761,0.12942138115525612,0.9202994275649492,0.06960495027742067
5,NGAr125,0.414,0.5357873228390552,0.13343765954140865,0.8917154935845139,0.07211449067603963
5,NGAr126,0.33899999999999997,0.5655520626902932,0.2296767292607559,0.9071705198920316,0.13148270993859604
5,NGAr127,0.5579999999999999,0.5544092648469671,0.19535347658035826,0.9355891719745224,0.10906306557148823
5,NGAr128,0.609,0.6409952260719013,0.4371014679683029,0.95717412794803,0.283217550274223
5,NGAr129,0.501,0.5218694700783406,0.08367849937800224,0.8947787963332005,0.04389159070358513
5,NGAr130,0.365,0.5482488822215151,0.17477725663871116,0.9087941976427923,0.0966858289285852
5,NGAr131,0.642,0.5785326426417032,0.2693455055170183,0.936515871032242,0.15729157921249265
5,NGAr132,0.5670000000000001,0.5129588781505823,0.05193141755649682,0.8964535901926445,0.026740237691001697
5,NGAr133,0.611,0.6041694968900447,0.34351993070854275,0.9662112064399958,0.20889438490427767
5,NGAr134,0.41,0.5740118284101167,0.2558233012440461,0.9205901497070949,0.14855228914537796
5,NGAr135,0.574,0.5610728350952789,0.21654854684527772,0.9347283813747228,0.12245935420619285
5,NGAr136,0.415,0.5639005657879614,0.22345544416482915,0.8632592311102666,0.1283379157093895
5,NGAr137,0.64,0.6599295812365498,0.4714069812792511,0.8687390503571268,0.3234649673005837
6,NGAr101,0.604,0.519692804340005,0.07640648197870929,0.959232233502538,0.03978786822036965
6,NGAr102,0.6559999999999999,0.5206855702083084,0.08034334522772611,0.9626325534421816,0.04192108368823439
6,NGAr103,0.426,0.5149156812531024,0.058008585698297886,0.9446197366989446,0.029923072681151432
6,NGAr104,0.622,0.5661879863957273,0.23331619070667955,0.9711029967262654,0.13258552518480315
6,NGAr105,0.598,0.5036486171039413,0.014609516575888182,0.9299156391953276,0.007362593605898296
6,NGAr106,0.509,0.5143903116630381,0.05591698672921201,0.938663967611336,0.0288168140547998
6,NGAr107,0.609,0.5127782123565336,0.04986288276191668,0.952608695652174,0.025601476963344662
6,NGAr108,0.48200000000000004,0.5278645753453393,0.10545768587354984,0.930810234541578,0.05589521328015467
6,NGAr109,0.643,0.5350267450687728,0.1324094871892489,0.9627491300221448,0.07109359030515404
6,NGAr110,0.514,0.5356272687081898,0.13270873386706744,0.9067125457425308,0.07159368288496537
6,NGAr111,0.483,0.5200417111854154,0.07773264882935672,0.9011652999568408,0.04061814277043746
6,NGAr112,0.45399999999999996,0.5326504773222033,0.1227614083235058,0.9167757988475642,0.06578520784291614
6,NGAr113,0.5670000000000001,0.5356073015894572,0.1326062334829481,0.9390446768060836,0.07134023596530029
6,NGAr114,0.6729999999999999,0.6835157822162637,0.536460564811301,0.9223192675997054,0.3782267599920599
6,NGAr115,0.48200000000000004,0.5284582765334803,0.10755875502858353,0.9510470115101928,0.057002742914138475
6,NGAr116,0.662,0.5805780111766111,0.27703451047271804,0.963196455955018,0.1617833082439943
6,NGAr117,0.606,0.5506048549455361,0.1835230503492152,0.9656768657558992,0.10139652883156296
6,NGAr118,0.626,0.5368755174370717,0.13728556238521153,0.9686271363235176,0.07387824043475068
6,NGAr119,0.562,0.5217826969600323,0.0836436770834221,0.9413965087281796,0.04376616427361098
6,NGAr120,0.642,0.5335504522198744,0.12594123884705605,0.9491443332257022,0.06744524877533929
6,NGAr121,0.33899999999999997,0.5441951083916402,0.16178394137577812,0.9298070826917852,0.08860005696087822
6,NGAr122,0.64,0.5368156026121239,0.13833040091559765,0.9492439338881724,0.07460087884957302
6,NGAr123,0.655,0.5533842188257296,0.1925067985976868,0.95026686074721,0.10710184290635992
6,NGAr124,0.634,0.5195334868468352,0.07598415132924334,0.9366629903891602,0.03959822290902067
6,NGAr125,0.414,0.5205260230586499,0.07901291248206599,0.9143312524903706,0.04129053928419335
6,NGAr126,0.33899999999999997,0.5404942149626596,0.14931889489621067,0.93320293398533,0.08115187698797435
6,NGAr127,0.5579999999999999,0.5316545684220424,0.11889785016400005,0.9498192938559912,0.06341825606756694
6,NGAr128,0.609,0.5983675871307177,0.32783642877590496,0.9664484451718496,0.19739879864194307
6,NGAr129,0.501,0.5122619186762288,0.047895127663220426,0.9165603935143012,0.024590043744959555
6,NGAr130,0.365,0.5299562275310301,0.1127115266152118,0.9268474374255066,0.06000424399089471
6,NGAr131,0.642,0.5505956787584054,0.18315685604766785,0.9548872180451128,0.10129292250860547
6,NGAr132,0.5670000000000001,0.5071150709033022,0.028658489547172726,0.9225993377483444,0.014555308867702756
6,NGAr133,0.611,0.5698995592670014,0.2449731635023632,0.9763729246487868,0.14005679215901806
6,NGAr134,0.41,0.5500783979333408,0.18147878634479706,0.9419750383183708,0.100411964475358
6,NGAr135,0.574,0.541261780129469,0.15215103165984462,0.953512721181028,0.0826714113236322
6,NGAr136,0.415,0.5407488270967727,0.14976028696581936,0.8890253890253891,0.08176716507852813
6,NGAr137,0.64,0.6143172633313241,0.366696803701537,0.8940032414910859,0.23065214846036766
7,NGAr101,0.604,0.5080536970689188,0.03194139763027962,0.9670846394984326,0.016238871964258692
7,NGAr102,0.6559999999999999,0.5086876805859012,0.034420433351815716,0.9763071895424836,0.017519040044567266
7,NGAr103,0.426,0.5071496536193979,0.02824476989578841,0.9554330346887204,0.014334261608029116
7,NGAr104,0.622,0.5356523930815502,0.13306949095512008,0.9791322801226126,0.07138559394877085
7,NGAr105,0.598,0.5013038040029022,0.0052363800320741095,0.9454209065679926,0.002625460804336377
7,NGAr106,0.509,0.5060722644257535,0.02400559639670598,0.9546120058565154,0.01215563689695674
7,NGAr107,0.609,0.5048127619329205,0.019088164181349128,0.9593023255813954,0.009639990184737266
7,NGAr108,0.48200000000000004,0.5142928387120347,0.05561975768872321,0.9429113124078364,0.028655019429844494
7,NGAr109,0.643,0.5156547367213328,0.061372106569846686,0.9692747409789212,0.031689297707694554
7,NGAr110,0.514,0.5172288452825399,0.06668052379962586,0.9248154981549817,0.03458715358938752
7,NGAr111,0.483,0.5091926682799236,0.03642049463226741,0.9205706574127628,0.018577742502762343
7,NGAr112,0.45399999999999996,0.5168205629535745,0.06530393855027251,0.9341029964976002,0.03383467478586095
7,NGAr113,0.5670000000000001,0.5156794141443574,0.060797231882285085,0.9487319334605944,0.03140486915390101
7,NGAr114,0.6729999999999999,0.6132420505533852,0.3718890502870582,0.936557154304428,0.2320073877808177
7,NGAr115,0.48200000000000004,0.515864184001695,0.06150057541103662,0.9675867308179286,0.03175962097913723
7,NGAr116,0.662,0.5410033454820409,0.15167181911223188,0.9683395082519368,0.08227967649062155
7,NGAr117,0.606,0.526305737824329,0.09996176080257324,0.9741341516878562,0.0526839908952959
7,NGAr118,0.626,0.5181992601188119,0.07026673038460858,0.9773510585918268,0.036443416317838
7,NGAr119,0.562,0.5109423477866121,0.04292881958823555,0.9574178495041804,0.021956657451172742
7,NGAr120,0.642,0.5160335070619207,0.062281432139883436,0.9645804676753784,0.03217960925579635
7,NGAr121,0.33899999999999997,0.5230822024374628,0.08818060651934248,0.9439844988550292,0.046250507038120635
7,NGAr122,0.64,0.5186029126375558,0.07236882928083255,0.9582159624413146,0.0376044439940673
7,NGAr123,0.655,0.5273726563491965,0.10382645582935282,0.961206896551724,0.05487704843325617
7,NGAr124,0.634,0.5093978628979767,0.037270893051864526,0.9462864721485412,0.01900981130064676
7,NGAr125,0.414,0.5093396109810756,0.03680036682793771,0.9243945658594211,0.01877387971521284
7,NGAr126,0.33899999999999997,0.520635677513675,0.07921824953748602,0.9497752589407856,0.041332857069959685
7,NGAr127,0.5579999999999999,0.5147182509025251,0.05719688442663545,0.9595166163141994,0.029477005893544943
7,NGAr128,0.609,0.5555873994166987,0.2000337451491348,0.9738066989139365,0.11146513449986943
7,NGAr129,0.501,0.5052823124099607,0.020942357778969696,0.9205607476635514,0.010591656687602336
7,NGAr130,0.365,0.5155184171666356,0.060159079876022266,0.936627906976744,0.031077587869902387
7,NGAr131,0.642,0.525818751829753,0.09810719266786214,0.96700706991359,0.05167492234069348
7,NGAr132,0.5670000000000001,0.5034420446683043,0.013934527165846798,0.93235039028621,0.007019720517173828
7,NGAr133,0.611,0.5375425767080861,0.13968429562183549,0.9835230677052128,0.07518091050654943
7,NGAr134,0.41,0.5288584276445732,0.10906489074797733,0.960449786739046,0.0578150711309767
7,NGAr135,0.574,0.5235020299567696,0.0897547971645447,0.9641130531796208,0.04706832850697628
7,NGAr136,0.415,0.5219203838483154,0.08386331788293629,0.91171875,0.0439531467741328
7,NGAr137,0.64,0.5683173377440157,0.23913390975804702,0.9113867966326984,0.1376218910465486
8,NGAr101,0.604,0.5019744093333389,0.007903221578547276,0.9804878048780488,0.0039676012133095595
8,NGAr102,0.6559999999999999,0.5025592552189064,0.010238011900595029,0.9845722300140252,0.0051457598791992566
8,NGAr103,0.426,0.50228699889779,0.009118071826255791,0.9736263736263736,0.004580484173375979
8,NGAr104,0.622,0.5128495028625143,0.05012858854179755,0.9864820309924168,0.02571772391266976
8,NGAr105,0.598,0.5002955026768839,0.0011861238908971409,0.9665271966527196,0.0005934260722130168
8,NGAr106,0.509,0.5017302114279393,0.006898729865802984,0.9840989399293286,0.0034614978280188675
8,NGAr107,0.609,0.5011858042519388,0.004732762137902897,0.9950980392156864,0.002372021827274745
8,NGAr108,0.48200000000000004,0.5049485682207873,0.019628963175102,0.9532307692307692,0.00991658290813877
8,NGAr109,0.643,0.5046583547932408,0.01862628272614737,0.976349302607641,0.009402832530296392
8,NGAr110,0.514,0.5051834380579256,0.02057432389206157,0.9316338354577056,0.010402021752818293
8,NGAr111,0.483,0.5024828365729793,0.009961146112289284,0.9353197674418604,0.0050072365656659975
8,NGAr112,0.45399999999999996,0.5056108339449451,0.022278974739970283,0.9478467009087316,0.011271960118216972
8,NGAr113,0.5670000000000001,0.5039878271273897,0.015843463005066328,0.9424920127795527,0.007988878758609484
8,NGAr114,0.6729999999999999,0.5445276581163645,0.1657320185249362,0.9480940794809408,0.09080238549371264
8,NGAr115,0.48200000000000004,0.5060932707271484,0.024087582252032957,0.9809428284854564,0.012193500124677915
8,NGAr116,0.662,0.5122682977850402,0.048032058580581787,0.9641496751064308,0.02462952681315788
8,NGAr117,0.606,0.5084600100202145,0.03330420089727903,0.97676008202324,0.01694091426403642
8,NGAr118,0.626,0.5057048945378038,0.022577132486388388,0.9841772151898734,0.011419549093045458
8,NGAr119,0.562,0.5033706404490071,0.01342585007505546,0.9637635092180546,0.006760010701863908
8,NGAr120,0.642,0.5045309789368118,0.018003887202918813,0.972972972972973,0.009086007319283674
8,NGAr121,0.33899999999999997,0.5082154643270048,0.03234784969960286,0.9650632911392404,0.016449611198853874
8,NGAr122,0.64,0.5062003855276396,0.02471740494529978,0.9624645892351276,0.012519460898563808
8,NGAr123,0.655,0.5086645409319046,0.034113802211577206,0.9684799186578548,0.017362693450482147
8,NGAr124,0.634,0.503116153860931,0.01250620347394541,0.9526209677419356,0.006294418948532303
8,NGAr125,0.414,0.5024908314220748,0.00995161415420229,0.9370786516853932,0.005002369227631792
8,NGAr126,0.33899999999999997,0.5066775174104766,0.026372741456540342,0.9632352941176472,0.013369393274480787
8,NGAr127,0.5579999999999999,0.5042026643634595,0.01668905367361584,0.9557428872497366,0.008418024038238433
8,NGAr128,0.609,0.519634679130436,0.07566232148954546,0.978695765133801,0.039352311308435625
8,NGAr129,0.501,0.5014382590824941,0.005749506663093526,0.921875,0.002883745937095237
8,NGAr130,0.365,0.5051750178790168,0.02049637878224029,0.9563668744434549,0.01035919595663413
8,NGAr131,0.642,0.5081589306994624,0.032116908850726565,0.9676616915422884,0.016329443371673243
8,NGAr132,0.5670000000000001,0.5009292446740622,0.0037926427943045203,0.923809523809524,0.00190022201906752
8,NGAr133,0.611,0.5126876393265984,0.049521087767085664,0.9892952720785012,0.025396171109279102
8,NGAr134,0.41,0.5112294878483863,0.04395729732195811,0.9688285570638512,0.022488825609485685
8,NGAr135,0.574,0.5088287347449496,0.03471918828071364,0.9744744744744744,0.017674452382465344
8,NGAr136,0.415,0.5074130623207702,0.02924632335906441,0.9244288224956064,0.014858197431358518
8,NGAr137,0.64,0.5255443554590661,0.09737388465378703,0.92809667673716,0.05138240754679111
